SECTIONOBS,AREA,HISTORIC,BIRDCITED,FREQUENCY,DUNG,PLASTICS,FOOTP,LOOPIN,FISHS
1,1,NO,NO,0,NO,NO,NO,NO,NO
1,1,NO,NO,0,NO,NO,NO,NO,NO
1,1,NO,NO,0,NO,NO,NO,NO,NO
1,1,NO,NO,0,NO,NO,NO,NO,NO
1,1,NO,NO,0,NO,NO,NO,NO,NO
1,1,NO,NO,0,NO,NO,NO,NO,NO
1,1,NO,NO,0,NO,NO,NO,NO,NO
1,1,NO,NO,0,NO,NO,NO,NO,NO
1,1,NO,NO,0,NO,NO,NO,NO,NO
1,1,NO,NO,0,NO,NO,NO,NO,NO
1,1,NO,NO,0,NO,NO,NO,NO,NO
1,1,NO,NO,0,NO,NO,NO,NO,NO
2,1,NO,NO,0,NO,NO,NO,NO,NO
2,1,NO,NO,0,NO,NO,NO,NO,NO
2,1,NO,NO,0,NO,NO,NO,NO,NO
2,1,NO,NO,0,NO,NO,NO,NO,NO
2,1,NO,NO,0,NO,NO,NO,NO,NO
2,1,NO,NO,0,NO,NO,NO,NO,NO
2,1,NO,NO,0,NO,NO,NO,NO,NO
3,1,NO,NO,0,NO,NO,NO,NO,NO
3,1,NO,NO,0,NO,NO,NO,NO,NO
3,1,NO,NO,0,NO,NO,NO,NO,NO
3,1,NO,NO,0,NO,NO,NO,NO,NO
4,1,NO,NO,0,NO,NO,NO,NO,NO
4,1,NO,NO,0,NO,NO,NO,NO,NO
4,1,NO,NO,0,NO,NO,NO,NO,NO
4,1,NO,NO,0,NO,NO,NO,NO,NO
5,1,NO,NO,0,NO,NO,NO,NO,NO
5,1,NO,NO,0,NO,NO,NO,NO,NO
5,1,NO,NO,0,NO,NO,NO,NO,NO
5,1,NO,NO,0,NO,NO,NO,NO,NO
6,1,NO,NO,0,NO,NO,NO,NO,NO
6,1,NO,NO,0,NO,NO,NO,NO,NO
6,1,NO,NO,0,NO,NO,NO,NO,NO
6,1,NO,NO,0,NO,NO,NO,NO,NO
6,1,NO,NO,0,NO,NO,NO,NO,NO
6,1,NO,NO,0,NO,NO,NO,NO,NO
7,1,NO,NO,0,NO,NO,NO,NO,NO
7,1,NO,NO,0,NO,NO,NO,NO,NO
7,1,NO,NO,0,NO,NO,NO,NO,NO
7,1,NO,NO,0,NO,NO,NO,NO,NO
7,1,NO,NO,0,NO,NO,NO,NO,NO
7,1,NO,NO,0,NO,NO,NO,NO,NO
7,1,NO,NO,0,NO,NO,NO,NO,NO
8,1,NO,NO,0,NO,NO,NO,NO,NO
8,1,NO,NO,0,NO,NO,NO,NO,NO
8,1,NO,NO,0,NO,NO,NO,NO,NO
8,1,NO,NO,0,NO,NO,NO,NO,NO
9,1,NO,NO,0,NO,NO,NO,NO,NO
9,1,NO,NO,0,NO,NO,NO,NO,NO
9,1,NO,NO,0,NO,NO,NO,NO,NO
9,1,NO,NO,0,NO,NO,NO,NO,NO
9,1,NO,NO,0,NO,NO,NO,NO,NO
10,1,NO,NO,0,NO,NO,NO,NO,NO
10,1,NO,NO,0,NO,NO,NO,NO,NO
10,1,NO,NO,0,NO,NO,NO,NO,NO
10,1,NO,NO,0,NO,NO,NO,NO,NO
11,1,NO,NO,0,NO,NO,NO,NO,NO
11,1,NO,NO,0,NO,NO,NO,NO,NO
11,1,NO,NO,0,NO,NO,NO,NO,NO
11,1,NO,NO,0,NO,NO,NO,NO,NO
11,1,NO,NO,0,NO,NO,NO,NO,NO
11,1,NO,NO,0,NO,NO,NO,NO,NO
12,1,NO,NO,0,NO,NO,NO,NO,NO
12,1,NO,NO,0,NO,NO,NO,NO,NO
12,1,NO,NO,0,NO,NO,NO,NO,NO
12,1,NO,NO,0,NO,NO,NO,NO,NO
12,1,NO,NO,0,NO,NO,NO,NO,NO
12,1,NO,NO,0,NO,NO,NO,NO,NO
12,1,NO,NO,0,NO,NO,NO,NO,NO
12,1,NO,NO,0,NO,NO,NO,NO,NO
13,1,NO,NO,0,NO,NO,NO,NO,NO
13,1,NO,NO,0,NO,NO,NO,NO,NO
13,1,NO,NO,0,NO,NO,NO,NO,NO
13,1,NO,NO,0,NO,NO,NO,NO,NO
13,1,NO,NO,0,NO,NO,NO,NO,NO
14,1,NO,NO,0,NO,NO,NO,NO,NO
14,1,NO,NO,0,NO,NO,NO,NO,NO
14,1,NO,NO,0,NO,NO,NO,NO,NO
14,1,NO,NO,0,NO,NO,NO,NO,NO
14,1,NO,NO,0,NO,NO,NO,NO,NO
15,1,NO,NO,0,NO,NO,NO,NO,NO
15,1,NO,NO,0,NO,NO,NO,NO,NO
15,1,NO,NO,0,NO,NO,NO,NO,NO
15,1,NO,NO,0,NO,NO,NO,NO,NO
16,1,NO,NO,0,NO,NO,NO,NO,NO
16,1,NO,NO,0,NO,NO,NO,NO,NO
16,1,NO,NO,0,NO,NO,NO,NO,NO
16,1,NO,NO,0,NO,NO,NO,NO,NO
17,1,NO,NO,0,NO,NO,NO,NO,NO
17,1,NO,NO,0,NO,NO,NO,NO,NO
17,1,NO,NO,0,NO,NO,NO,NO,NO
17,1,NO,NO,0,NO,NO,NO,NO,NO
18,1,NO,NO,0,NO,NO,YE,YES,NO
18,1,NO,NO,0,NO,NO,YE,YES,NO
18,1,NO,NO,0,NO,NO,YE,YES,NO
18,1,NO,NO,0,NO,NO,YE,YES,NO
18,1,NO,NO,0,NO,NO,YE,YES,NO
19,1,NO,NO,0,NO,NO,YE,YES,NO
19,1,NO,NO,0,NO,NO,YE,YES,NO
19,1,NO,NO,0,NO,NO,YE,YES,NO
19,1,NO,NO,0,NO,NO,YE,YES,NO
19,1,NO,NO,0,NO,NO,YE,YES,NO
19,1,NO,NO,0,NO,NO,YE,YES,NO
20,1,NO,NO,0,NO,NO,NO,NO,NO
20,1,NO,NO,0,NO,NO,NO,NO,NO
20,1,NO,NO,0,NO,NO,NO,NO,NO
20,1,NO,NO,0,NO,NO,NO,NO,NO
21,1,NO,NO,0,NO,NO,NO,NO,NO
21,1,NO,NO,0,NO,NO,NO,NO,NO
21,1,NO,NO,0,NO,NO,NO,NO,NO
21,1,NO,NO,0,NO,NO,NO,NO,NO
1,2,YES,NO,0,NO,NO,YES,YES,NO
1,2,YES,NO,0,NO,NO,YES,YES,NO
1,2,YES,NO,0,NO,NO,YES,YES,NO
1,2,YES,NO,0,NO,NO,YES,YES,NO
1,2,YES,NO,0,NO,NO,YES,YES,NO
1,2,YES,NO,0,NO,NO,YES,YES,NO
1,2,YES,NO,0,NO,NO,YES,YES,NO
1,2,YES,NO,0,NO,NO,YES,YES,NO
1,2,YES,NO,0,NO,NO,YES,YES,NO
2,2,YES,NO,0,NO,NO,YES,YES,NO
2,2,YES,NO,0,NO,NO,YES,YES,NO
2,2,YES,NO,0,NO,NO,YES,YES,NO
2,2,YES,NO,0,NO,NO,YES,YES,NO
2,2,YES,NO,0,NO,NO,YES,YES,NO
2,2,YES,NO,0,NO,NO,YES,YES,NO
2,2,YES,NO,0,NO,NO,YES,YES,NO
2,2,YES,NO,0,NO,NO,YES,YES,NO
3,2,YES,NO,0,NO,NO,YES,NO,YES
3,2,YES,NO,0,NO,NO,YES,NO,YES
3,2,YES,NO,0,NO,NO,YES,NO,YES
3,2,YES,NO,0,NO,NO,YES,NO,YES
3,2,YES,NO,0,NO,NO,YES,NO,YES
3,2,YES,NO,0,NO,NO,YES,NO,YES
3,2,YES,NO,0,NO,NO,YES,NO,YES
3,2,YES,NO,0,NO,NO,YES,NO,YES
3,2,YES,NO,0,NO,NO,YES,NO,YES
3,2,YES,NO,0,NO,NO,YES,NO,YES
4,2,YES,NO,0,NO,NO,YES,NO,YES
4,2,YES,NO,0,NO,NO,YES,NO,YES
4,2,YES,NO,0,NO,NO,YES,NO,YES
4,2,YES,NO,0,NO,NO,YES,NO,YES
5,2,YES,NO,0,NO,NO,YES,NO,YES
5,2,YES,NO,0,NO,NO,YES,NO,YES
5,2,YES,NO,0,NO,NO,YES,NO,YES
5,2,YES,NO,0,NO,NO,YES,NO,YES
6,2,YES,NO,0,NO,NO,NO,NO,NO
6,2,YES,NO,0,NO,NO,NO,NO,NO
6,2,YES,NO,0,NO,NO,NO,NO,NO
6,2,YES,NO,0,NO,NO,NO,NO,NO
6,2,YES,NO,0,NO,NO,NO,NO,NO
6,2,YES,NO,0,NO,NO,NO,NO,NO
7,2,YES,NO,0,NO,NO,NO,NO,NO
7,2,YES,NO,0,NO,NO,NO,NO,NO
7,2,YES,NO,0,NO,NO,NO,NO,NO
7,2,YES,NO,0,NO,NO,NO,NO,NO
7,2,YES,NO,0,NO,NO,NO,NO,NO
7,2,YES,NO,0,NO,NO,NO,NO,NO
7,2,YES,NO,0,NO,NO,NO,NO,NO
8,2,YES,NO,0,NO,NO,NO,NO,NO
8,2,YES,NO,0,NO,NO,NO,NO,NO
8,2,YES,NO,0,NO,NO,NO,NO,NO
8,2,YES,NO,0,NO,NO,NO,NO,NO
8,2,YES,NO,0,NO,NO,NO,NO,NO
9,2,YES,NO,0,NO,NO,YES,NO,YES
9,2,YES,NO,0,NO,NO,YES,NO,YES
9,2,YES,NO,0,NO,NO,YES,NO,YES
9,2,YES,NO,0,NO,NO,YES,NO,YES
9,2,YES,NO,0,NO,NO,YES,NO,YES
9,2,YES,NO,0,NO,NO,YES,NO,YES
9,2,YES,NO,0,NO,NO,YES,NO,YES
9,2,YES,NO,0,NO,NO,YES,NO,YES
9,2,YES,NO,0,NO,NO,YES,NO,YES
9,2,YES,NO,0,NO,NO,YES,NO,YES
9,2,YES,NO,0,NO,NO,YES,NO,YES
9,2,YES,NO,0,NO,NO,YES,NO,YES
10,2,YES,NO,0,NO,NO,NO,NO,NO
10,2,YES,NO,0,NO,NO,NO,NO,NO
10,2,YES,NO,0,NO,NO,NO,NO,NO
10,2,YES,NO,0,NO,NO,NO,NO,NO
11,2,YES,NO,0,NO,NO,NO,NO,NO
11,2,YES,NO,0,NO,NO,NO,NO,NO
11,2,YES,NO,0,NO,NO,NO,NO,NO
11,2,YES,NO,0,NO,NO,NO,NO,NO
11,2,YES,NO,0,NO,NO,NO,NO,NO
11,2,YES,NO,0,NO,NO,NO,NO,NO
1,3,YES,NO,0,NO,NO,NO,NO,NO
1,3,YES,NO,0,NO,NO,NO,NO,NO
1,3,YES,NO,0,NO,NO,NO,NO,NO
1,3,YES,NO,0,NO,NO,NO,NO,NO
1,3,YES,NO,0,NO,NO,NO,NO,NO
1,3,YES,NO,0,NO,NO,NO,NO,NO
1,3,YES,NO,0,NO,NO,NO,NO,NO
1,3,YES,NO,0,NO,NO,NO,NO,NO
2,3,YES,NO,0,NO,NO,NO,NO,NO
2,3,YES,NO,0,NO,NO,NO,NO,NO
2,3,YES,NO,0,NO,NO,NO,NO,NO
2,3,YES,NO,0,NO,NO,NO,NO,NO
3,3,YES,NO,0,NO,NO,NO,NO,NO
3,3,YES,NO,0,NO,NO,NO,NO,NO
3,3,YES,NO,0,NO,NO,NO,NO,NO
3,3,YES,NO,0,NO,NO,NO,NO,NO
4,3,YES,NO,0,NO,NO,NO,NO,NO
4,3,YES,NO,0,NO,NO,NO,NO,NO
4,3,YES,NO,0,NO,NO,NO,NO,NO
4,3,YES,NO,0,NO,NO,NO,NO,NO
5,3,YES,NO,0,NO,NO,NO,NO,NO
5,3,YES,NO,0,NO,NO,NO,NO,NO
5,3,YES,NO,0,NO,NO,NO,NO,NO
5,3,YES,NO,0,NO,NO,NO,NO,NO
6,3,YES,NO,0,NO,NO,NO,NO,NO
6,3,YES,NO,0,NO,NO,NO,NO,NO
6,3,YES,NO,0,NO,NO,NO,NO,NO
6,3,YES,NO,0,NO,NO,NO,NO,NO
7,3,YES,NO,0,NO,NO,NO,NO,NO
7,3,YES,NO,0,NO,NO,NO,NO,NO
7,3,YES,NO,0,NO,NO,NO,NO,NO
7,3,YES,NO,0,NO,NO,NO,NO,NO
7,3,YES,NO,0,NO,NO,NO,NO,NO
7,3,YES,NO,0,NO,NO,NO,NO,NO
7,3,YES,NO,0,NO,NO,NO,NO,NO
7,3,YES,NO,0,NO,NO,NO,NO,NO
7,3,YES,NO,0,NO,NO,NO,NO,NO
8,3,YES,NO,0,NO,NO,NO,NO,NO
8,3,YES,NO,0,NO,NO,NO,NO,NO
8,3,YES,NO,0,NO,NO,NO,NO,NO
8,3,YES,NO,0,NO,NO,NO,NO,NO
8,3,YES,NO,0,NO,NO,NO,NO,NO
8,3,YES,NO,0,NO,NO,NO,NO,NO
8,3,YES,NO,0,NO,NO,NO,NO,NO
8,3,YES,NO,0,NO,NO,NO,NO,NO
9,3,YES,NO,0,NO,NO,NO,NO,NO
9,3,YES,NO,0,NO,NO,NO,NO,NO
9,3,YES,NO,0,NO,NO,NO,NO,NO
9,3,YES,NO,0,NO,NO,NO,NO,NO
9,3,YES,NO,0,NO,NO,NO,NO,NO
9,3,YES,NO,0,NO,NO,NO,NO,NO
9,3,YES,NO,0,NO,NO,NO,NO,NO
9,3,YES,NO,0,NO,NO,NO,NO,NO
9,3,YES,NO,0,NO,NO,NO,NO,NO
10,3,YES,NO,0,NO,NO,YES,NO,NO
10,3,YES,NO,0,NO,NO,YES,NO,NO
10,3,YES,NO,0,NO,NO,YES,NO,NO
10,3,YES,NO,0,NO,NO,YES,NO,NO
10,3,YES,NO,0,NO,NO,YES,NO,NO
10,3,YES,NO,0,NO,NO,YES,NO,NO
10,3,YES,NO,0,NO,NO,YES,NO,NO
11,3,YES,NO,0,NO,NO,YES,NO,NO
11,3,YES,NO,0,NO,NO,YES,NO,NO
11,3,YES,NO,0,NO,NO,YES,NO,NO
11,3,YES,NO,0,NO,NO,YES,NO,NO
12,3,YES,NO,0,NO,NO,YES,NO,NO
12,3,YES,NO,0,NO,NO,YES,NO,NO
12,3,YES,NO,0,NO,NO,YES,NO,NO
12,3,YES,NO,0,NO,NO,YES,NO,NO
13,3,YES,NO,0,NO,NO,YES,NO,NO
13,3,YES,NO,0,NO,NO,YES,NO,NO
13,3,YES,NO,0,NO,NO,YES,NO,NO
13,3,YES,NO,0,NO,NO,YES,NO,NO
13,3,YES,NO,0,NO,NO,YES,NO,NO
13,3,YES,NO,0,NO,NO,YES,NO,NO
13,3,YES,NO,0,NO,NO,YES,NO,NO
14,3,YES,NO,0,NO,NO,YES,NO,NO
14,3,YES,NO,0,YES,NO,YES,NO,YES
14,3,YES,NO,0,YES,NO,YES,NO,YES
14,3,YES,NO,0,YES,NO,YES,NO,YES
1,4,YES,NO,0,NO,NO,NO,NO,NO
1,4,NO,NO,0,NO,NO,NO,NO,NO
1,4,NO,NO,0,NO,NO,NO,NO,NO
1,4,NO,NO,0,NO,NO,NO,NO,NO
1,4,NO,NO,0,NO,NO,NO,NO,NO
2,4,NO,NO,0,NO,NO,NO,NO,NO
2,4,NO,NO,0,NO,NO,NO,NO,NO
2,4,NO,NO,0,NO,NO,NO,NO,NO
2,4,NO,NO,0,NO,NO,NO,NO,NO
3,4,NO,NO,0,NO,NO,NO,NO,NO
3,4,NO,NO,0,NO,NO,NO,NO,NO
3,4,NO,NO,0,NO,NO,NO,NO,NO
3,4,NO,NO,0,NO,NO,NO,NO,NO
4,4,NO,NO,0,NO,NO,NO,NO,NO
4,4,NO,NO,0,NO,NO,NO,NO,NO
4,4,NO,NO,0,NO,NO,NO,NO,NO
4,4,NO,NO,0,NO,NO,NO,NO,NO
5,4,NO,NO,0,NO,NO,NO,NO,NO
5,4,NO,NO,0,NO,NO,NO,NO,NO
5,4,NO,NO,0,NO,NO,NO,NO,NO
5,4,NO,NO,0,NO,NO,NO,NO,NO
6,4,NO,NO,0,NO,NO,NO,NO,NO
6,4,NO,NO,0,NO,NO,NO,NO,NO
6,4,NO,NO,0,NO,NO,NO,NO,NO
6,4,NO,NO,0,NO,NO,NO,NO,NO
7,4,NO,NO,0,NO,NO,NO,NO,NO
7,4,NO,NO,0,NO,NO,NO,NO,NO
7,4,NO,NO,0,NO,NO,NO,NO,NO
7,4,NO,NO,0,NO,NO,NO,NO,NO
8,4,NO,NO,0,NO,NO,NO,NO,NO
8,4,NO,NO,0,NO,NO,NO,NO,NO
8,4,NO,NO,0,NO,NO,NO,NO,NO
8,4,NO,NO,0,NO,NO,NO,NO,NO
8,4,NO,NO,0,NO,NO,NO,NO,NO
8,4,NO,NO,0,NO,NO,NO,NO,NO
9,4,NO,NO,0,NO,NO,NO,NO,NO
9,4,NO,NO,0,NO,NO,NO,NO,NO
9,4,NO,NO,0,NO,NO,NO,NO,NO
9,4,NO,NO,0,NO,NO,NO,NO,NO
10,4,NO,NO,0,NO,NO,NO,NO,NO
10,4,NO,NO,0,NO,NO,NO,NO,NO
10,4,NO,NO,0,NO,NO,NO,NO,NO
10,4,NO,NO,0,NO,NO,NO,NO,NO
11,4,NO,NO,0,NO,NO,NO,NO,NO
11,4,NO,NO,0,NO,NO,NO,NO,NO
11,4,NO,NO,0,NO,NO,NO,NO,NO
11,4,NO,NO,0,NO,NO,NO,NO,NO
11,4,NO,NO,0,NO,NO,NO,NO,NO
11,4,NO,NO,0,NO,NO,NO,NO,NO
1,5,YES,NO,0,YES,NO,YES,NO,NO
1,5,YES,NO,0,YES,NO,YES,NO,NO
1,5,YES,NO,0,YES,NO,YES,NO,NO
1,5,YES,NO,0,YES,NO,YES,NO,NO
2,5,YES,NO,0,YES,NO,YES,YES,NO
2,5,YES,NO,0,YES,NO,YES,YES,NO
2,5,YES,NO,0,YES,NO,YES,YES,NO
2,5,YES,NO,0,YES,NO,YES,YES,NO
3,5,YES,NO,0,YES,NO,YES,YES,NO
3,5,YES,NO,0,YES,NO,YES,YES,NO
3,5,YES,NO,0,YES,NO,YES,YES,NO
3,5,YES,NO,0,YES,NO,YES,YES,NO
4,5,YES,NO,0,YES,NO,YES,YES,NO
4,5,YES,NO,0,YES,NO,YES,YES,NO
4,5,YES,NO,0,YES,NO,YES,YES,NO
4,5,YES,NO,0,YES,NO,YES,YES,NO
4,5,YES,NO,0,YES,NO,YES,YES,NO
5,5,YES,NO,0,YES,NO,YES,YES,NO
5,5,YES,NO,0,YES,NO,YES,YES,NO
5,5,YES,NO,0,YES,NO,YES,YES,NO
5,5,YES,NO,0,YES,NO,YES,YES,NO
6,5,YES,NO,0,YES,NO,YES,YES,NO
6,5,YES,NO,0,YES,NO,YES,YES,NO
6,5,YES,NO,0,YES,NO,YES,YES,NO
6,5,YES,NO,0,YES,NO,YES,YES,NO
7,5,YES,NO,0,YES,NO,YES,YES,NO
7,5,YES,NO,0,YES,NO,YES,YES,NO
7,5,YES,NO,0,YES,NO,YES,YES,NO
7,5,YES,NO,0,YES,NO,YES,YES,NO
8,5,YES,NO,0,YES,NO,YES,YES,NO
8,5,YES,NO,0,YES,NO,YES,YES,NO
8,5,YES,NO,0,YES,NO,YES,YES,NO
8,5,YES,NO,0,YES,NO,YES,YES,NO
9,5,YES,NO,0,YES,NO,YES,YES,NO
9,5,YES,NO,0,YES,NO,YES,YES,NO
9,5,YES,NO,0,YES,NO,YES,YES,NO
9,5,YES,NO,0,YES,NO,YES,YES,NO
10,5,YES,NO,0,YES,NO,YES,YES,NO
10,5,YES,NO,0,YES,NO,YES,YES,NO
10,5,YES,NO,0,YES,NO,YES,YES,NO
10,5,YES,NO,0,YES,NO,YES,YES,NO
11,5,YES,NO,0,YES,NO,YES,YES,NO
11,5,YES,NO,0,YES,NO,YES,YES,NO
11,5,YES,NO,0,YES,NO,YES,YES,NO
11,5,YES,NO,0,YES,NO,YES,YES,NO
12,5,YES,NO,0,YES,NO,YES,YES,NO
12,5,YES,NO,0,YES,NO,YES,YES,NO
12,5,YES,NO,0,YES,NO,YES,YES,NO
12,5,YES,NO,0,YES,NO,YES,YES,NO
13,5,YES,NO,0,YES,NO,YES,YES,NO
13,5,YES,NO,0,YES,NO,YES,YES,NO
13,5,YES,NO,0,YES,NO,YES,YES,NO
13,5,YES,NO,0,YES,NO,YES,YES,NO
14,5,YES,NO,0,YES,NO,YES,YES,NO
14,5,YES,NO,0,YES,NO,YES,YES,NO
14,5,YES,NO,0,YES,NO,YES,YES,NO
14,5,YES,NO,0,YES,NO,YES,YES,NO
15,5,YES,NO,0,YES,NO,YES,YES,NO
15,5,YES,NO,0,YES,NO,YES,YES,NO
15,5,YES,NO,0,YES,NO,YES,YES,NO
15,5,YES,NO,0,YES,NO,YES,YES,NO
16,5,YES,NO,0,YES,NO,YES,YES,NO
16,5,YES,NO,0,YES,NO,YES,YES,NO
16,5,YES,NO,0,YES,NO,YES,YES,NO
16,5,YES,NO,0,YES,NO,YES,YES,NO
17,5,YES,NO,0,YES,NO,YES,YES,NO
17,5,YES,NO,0,YES,NO,YES,YES,NO
17,5,YES,NO,0,YES,NO,YES,YES,NO
17,5,YES,NO,0,YES,NO,YES,YES,NO
18,5,YES,NO,0,YES,NO,YES,YES,NO
18,5,YES,NO,0,YES,NO,YES,YES,NO
18,5,YES,NO,0,YES,NO,YES,YES,NO
18,5,YES,NO,0,YES,NO,YES,YES,NO
20,5,YES,NO,0,YES,NO,YES,YES,NO
20,5,YES,NO,0,YES,NO,YES,YES,NO
20,5,YES,NO,0,YES,NO,YES,YES,NO
20,5,YES,NO,0,YES,NO,YES,YES,NO
21,5,YES,NO,0,YES,NO,YES,YES,NO
21,5,YES,NO,0,YES,NO,YES,YES,NO
21,5,YES,NO,0,YES,NO,YES,YES,NO
21,5,YES,NO,0,YES,NO,YES,YES,NO
22,5,YES,NO,0,YES,NO,YES,YES,NO
22,5,YES,NO,0,YES,NO,YES,YES,NO
22,5,YES,NO,0,YES,NO,YES,YES,NO
22,5,YES,NO,0,YES,NO,YES,YES,NO
23,5,YES,NO,0,YES,NO,YES,YES,NO
23,5,YES,NO,0,YES,NO,YES,YES,NO
23,5,YES,NO,0,YES,NO,YES,YES,NO
23,5,YES,NO,0,YES,NO,YES,YES,NO
24,5,YES,NO,0,YES,NO,YES,YES,NO
24,5,YES,NO,0,YES,NO,YES,YES,NO
24,5,YES,NO,0,YES,NO,YES,YES,NO
24,5,YES,NO,0,YES,NO,YES,YES,NO
25,5,YES,NO,0,YES,NO,YES,YES,NO
25,5,YES,NO,0,YES,NO,YES,YES,NO
25,5,YES,NO,0,YES,NO,YES,YES,NO
25,5,YES,NO,0,YES,NO,YES,YES,NO
26,5,YES,NO,0,YES,NO,YES,YES,NO
26,5,YES,NO,0,YES,NO,YES,YES,NO
26,5,YES,NO,0,YES,NO,YES,YES,NO
26,5,YES,NO,0,YES,NO,YES,YES,NO
27,5,YES,NO,0,YES,NO,YES,YES,NO
27,5,YES,NO,0,YES,NO,YES,YES,NO
27,5,YES,NO,0,YES,NO,YES,YES,NO
27,5,YES,NO,0,YES,NO,YES,YES,NO
28,5,YES,NO,0,YES,NO,YES,YES,NO
28,5,YES,NO,0,YES,NO,YES,YES,NO
28,5,YES,NO,0,YES,NO,YES,YES,NO
28,5,YES,NO,0,YES,NO,YES,YES,NO
29,5,YES,NO,0,YES,NO,YES,YES,NO
29,5,YES,NO,0,YES,NO,YES,YES,NO
29,5,YES,NO,0,YES,NO,YES,YES,NO
29,5,YES,NO,0,YES,NO,YES,YES,NO
30,5,YES,NO,0,YES,NO,YES,YES,NO
30,5,YES,NO,0,YES,NO,YES,YES,NO
30,5,YES,NO,0,YES,NO,YES,YES,NO
30,5,YES,NO,0,YES,NO,YES,YES,NO
31,5,YES,NO,0,YES,NO,YES,YES,NO
31,5,YES,NO,0,YES,NO,YES,YES,NO
31,5,YES,NO,0,YES,NO,YES,YES,NO
31,5,YES,NO,0,YES,NO,YES,YES,NO
32,5,YES,NO,0,YES,NO,YES,YES,NO
32,5,YES,NO,0,YES,NO,YES,YES,NO
32,5,YES,NO,0,YES,NO,YES,YES,NO
32,5,YES,NO,0,YES,NO,YES,YES,NO
33,5,YES,NO,0,YES,NO,YES,YES,NO
33,5,YES,NO,0,YES,NO,YES,YES,NO
33,5,YES,NO,0,YES,NO,YES,YES,NO
33,5,YES,NO,0,YES,NO,YES,YES,NO
34,5,YES,NO,0,YES,NO,YES,YES,NO
34,5,YES,NO,0,YES,NO,YES,YES,NO
34,5,YES,NO,0,YES,NO,YES,YES,NO
34,5,YES,NO,0,YES,NO,YES,YES,NO
35,5,YES,NO,0,YES,NO,YES,YES,NO
35,5,YES,NO,0,YES,NO,YES,YES,NO
35,5,YES,NO,0,YES,NO,YES,YES,NO
35,5,YES,NO,0,YES,NO,YES,YES,NO
36,5,YES,NO,0,YES,NO,YES,NO,NO
36,5,YES,NO,0,YES,NO,YES,NO,NO
36,5,YES,NO,0,YES,NO,YES,NO,NO
36,5,YES,NO,0,YES,NO,YES,NO,NO
37,5,YES,NO,0,YES,NO,YES,NO,NO
37,5,YES,NO,0,YES,NO,YES,NO,NO
37,5,YES,NO,0,YES,NO,YES,NO,NO
37,5,YES,NO,0,YES,NO,YES,NO,NO
38,5,YES,NO,0,YES,NO,YES,NO,NO
38,5,YES,NO,0,YES,NO,YES,NO,NO
38,5,YES,NO,0,YES,NO,YES,NO,NO
38,5,YES,NO,0,YES,NO,YES,NO,NO
39,5,YES,NO,0,YES,NO,YES,NO,NO
39,5,YES,NO,0,YES,NO,YES,NO,NO
39,5,YES,NO,0,YES,NO,YES,NO,NO
39,5,YES,NO,0,YES,NO,YES,NO,NO
40,5,YES,NO,0,YES,NO,YES,NO,NO
40,5,YES,NO,0,YES,NO,YES,NO,NO
40,5,YES,NO,0,YES,NO,YES,NO,NO
40,5,YES,NO,0,YES,NO,YES,NO,NO
41,5,YES,NO,0,YES,NO,YES,NO,NO
41,5,YES,NO,0,YES,NO,YES,NO,NO
41,5,YES,NO,0,YES,NO,YES,NO,NO
41,5,YES,NO,0,YES,NO,YES,NO,NO
42,5,YES,NO,0,YES,NO,YES,NO,NO
42,5,YES,NO,0,YES,NO,YES,NO,NO
42,5,YES,NO,0,YES,NO,YES,NO,NO
42,5,YES,NO,0,YES,NO,YES,NO,NO
43,5,YES,NO,0,YES,YES,YES,NO,NO
43,5,YES,NO,0,YES,YES,YES,NO,NO
43,5,YES,NO,0,YES,YES,YES,NO,NO
43,5,YES,NO,0,YES,YES,YES,NO,NO
44,5,YES,NO,0,YES,NO,YES,NO,NO
44,5,YES,NO,0,YES,NO,YES,NO,NO
44,5,YES,NO,0,YES,NO,YES,NO,NO
44,5,YES,NO,0,YES,NO,YES,NO,NO
45,5,YES,NO,0,YES,NO,YES,NO,NO
45,5,YES,NO,0,YES,NO,YES,NO,NO
45,5,YES,NO,0,YES,NO,YES,NO,NO
45,5,YES,NO,0,YES,NO,YES,NO,NO
46,5,YES,NO,0,YES,NO,NO,NO,NO
46,5,YES,NO,0,YES,NO,NO,NO,NO
46,5,YES,NO,0,YES,NO,NO,NO,NO
46,5,YES,NO,0,YES,NO,NO,NO,NO
47,5,YES,NO,0,YES,NO,YES,NO,NO
47,5,YES,NO,0,YES,NO,YES,NO,NO
47,5,YES,NO,0,YES,NO,YES,NO,NO
47,5,YES,NO,0,YES,NO,YES,NO,NO
48,5,YES,NO,0,YES,NO,YES,NO,NO
48,5,YES,NO,0,YES,NO,YES,NO,NO
48,5,YES,NO,0,YES,NO,YES,NO,NO
48,5,YES,NO,0,YES,NO,YES,NO,NO
49,5,YES,NO,0,YES,NO,YES,YES,NO
49,5,YES,NO,0,YES,NO,YES,YES,NO
49,5,YES,NO,0,YES,NO,YES,YES,NO
49,5,YES,NO,0,YES,NO,YES,YES,NO
50,5,YES,NO,0,YES,NO,YES,YES,NO
50,5,YES,NO,0,YES,NO,YES,YES,NO
50,5,YES,NO,0,YES,NO,YES,YES,NO
50,5,YES,NO,0,YES,NO,YES,YES,NO
51,5,YES,NO,0,YES,NO,YES,NO,NO
51,5,YES,NO,0,YES,NO,YES,NO,NO
51,5,YES,NO,0,YES,NO,YES,NO,NO
51,5,YES,NO,0,YES,NO,YES,NO,NO
52,5,YES,NO,0,YES,NO,YES,YES,NO
52,5,YES,NO,0,YES,NO,YES,YES,NO
52,5,YES,NO,0,YES,NO,YES,YES,NO
52,5,YES,NO,0,YES,NO,YES,YES,NO
53,5,YES,NO,0,NO,NO,NO,NO,NO
53,5,YES,NO,0,NO,NO,NO,NO,NO
53,5,YES,NO,0,NO,NO,NO,NO,NO
53,5,YES,NO,0,NO,NO,NO,NO,NO
54,5,YES,NO,0,YES,NO,YES,NO,NO
54,5,YES,NO,0,YES,NO,YES,NO,NO
54,5,YES,NO,0,YES,NO,YES,NO,NO
54,5,YES,NO,0,YES,NO,YES,NO,NO
55,5,YES,NO,0,NO,NO,YES,YES,NO
55,5,YES,NO,0,NO,NO,YES,YES,NO
55,5,YES,NO,0,NO,NO,YES,YES,NO
55,5,YES,NO,0,NO,NO,YES,YES,NO
56,5,YES,NO,0,YES,NO,NO,NO,NO
56,5,YES,NO,0,YES,NO,NO,NO,NO
56,5,YES,NO,0,YES,NO,NO,NO,NO
56,5,YES,NO,0,YES,NO,NO,NO,NO
1,6,NO,YES,6,YES,NO,NO,NO,NO
1,6,NO,YES,6,YES,NO,NO,NO,NO
1,6,NO,YES,6,YES,NO,NO,NO,NO
1,6,NO,YES,6,YES,NO,NO,NO,NO
2,6,NO,YES,6,YES,NO,YES,YES,NO
2,6,NO,YES,6,YES,NO,YES,YES,NO
2,6,NO,YES,6,YES,NO,YES,YES,NO
2,6,NO,YES,6,YES,NO,YES,YES,NO
3,6,NO,YES,6,YES,NO,NO,YES,NO
3,6,NO,YES,6,YES,NO,NO,YES,NO
3,6,NO,YES,6,YES,NO,NO,YES,NO
3,6,NO,YES,6,YES,NO,NO,YES,NO
4,6,NO,YES,6,YES,NO,YES,YES,NO
4,6,NO,YES,6,YES,NO,YES,YES,NO
4,6,NO,YES,6,YES,NO,YES,YES,NO
4,6,NO,YES,6,YES,NO,YES,YES,NO
5,6,NO,YES,6,YES,NO,NO,NO,NO
5,6,NO,YES,6,YES,NO,NO,NO,NO
5,6,NO,YES,6,YES,NO,NO,NO,NO
5,6,NO,YES,6,YES,NO,NO,NO,NO
6,6,NO,YES,6,YES,NO,YES,YES,NO
6,6,NO,YES,6,YES,NO,YES,YES,NO
6,6,NO,YES,6,YES,NO,YES,YES,NO
6,6,NO,YES,6,YES,NO,YES,YES,NO
7,6,NO,YES,6,NO,NO,YES,YES,NO
7,6,NO,YES,6,NO,NO,YES,YES,NO
7,6,NO,YES,6,NO,NO,YES,YES,NO
7,6,NO,YES,6,NO,NO,YES,YES,NO
8,6,NO,YES,6,NO,NO,NO,NO,NO
8,6,NO,YES,6,NO,NO,NO,NO,NO
8,6,NO,YES,6,NO,NO,NO,NO,NO
8,6,NO,YES,6,NO,NO,NO,NO,NO
9,6,NO,YES,6,YES,NO,YES,YES,NO
9,6,NO,YES,6,YES,NO,YES,YES,NO
9,6,NO,YES,6,YES,NO,YES,YES,NO
9,6,NO,YES,6,YES,NO,YES,YES,NO
10,6,NO,YES,6,YES,NO,NO,NO,NO
10,6,NO,YES,6,YES,NO,NO,NO,NO
10,6,NO,YES,6,YES,NO,NO,NO,NO
10,6,NO,YES,6,YES,NO,NO,NO,NO
11,6,NO,YES,6,YES,NO,NO,NO,NO
11,6,NO,YES,6,YES,NO,NO,NO,NO
11,6,NO,YES,6,YES,NO,NO,NO,NO
11,6,NO,YES,6,YES,NO,NO,NO,NO
12,6,NO,YES,6,YES,NO,YES,YES,NO
12,6,NO,YES,6,YES,NO,YES,YES,NO
12,6,NO,YES,6,YES,NO,YES,YES,NO
12,6,NO,YES,6,YES,NO,YES,YES,NO
13,6,NO,YES,6,YES,NO,YES,YES,NO
13,6,NO,YES,6,YES,NO,YES,YES,NO
13,6,NO,YES,6,YES,NO,YES,YES,NO
13,6,NO,YES,6,YES,NO,YES,YES,NO
14,6,NO,YES,6,YES,NO,YES,YES,NO
14,6,NO,YES,6,YES,NO,YES,YES,NO
14,6,NO,YES,6,YES,NO,YES,YES,NO
14,6,NO,YES,6,YES,NO,YES,YES,NO
15,6,NO,YES,6,NO,NO,NO,NO,NO
15,6,NO,YES,6,NO,NO,NO,NO,NO
15,6,NO,YES,6,NO,NO,NO,NO,NO
15,6,NO,YES,6,NO,NO,NO,NO,NO
15,6,NO,YES,6,NO,NO,NO,NO,NO
16,6,NO,YES,6,YES,NO,YES,YES,NO
16,6,NO,YES,6,YES,NO,YES,YES,NO
16,6,NO,YES,6,YES,NO,YES,YES,NO
16,6,NO,YES,6,YES,NO,YES,YES,NO
16,6,NO,YES,6,YES,NO,YES,YES,NO
16,6,NO,YES,6,YES,NO,YES,YES,NO
17,6,NO,YES,6,YES,NO,YES,YES,NO
17,6,NO,YES,6,YES,NO,YES,YES,NO
17,6,NO,YES,6,YES,NO,YES,YES,NO
17,6,NO,YES,6,YES,NO,YES,YES,NO
17,6,NO,YES,6,YES,NO,YES,YES,NO
17,6,NO,YES,6,YES,NO,YES,YES,NO
18,6,NO,YES,6,NO,NO,YES,YES,NO
18,6,NO,YES,6,NO,NO,YES,YES,NO
18,6,NO,YES,6,NO,NO,YES,YES,NO
18,6,NO,YES,6,NO,NO,YES,YES,NO
18,6,NO,YES,6,NO,NO,YES,YES,NO
18,6,NO,YES,6,NO,NO,YES,YES,NO
19,6,NO,YES,6,YES,NO,YES,YES,NO
19,6,NO,YES,6,YES,NO,YES,YES,NO
19,6,NO,YES,6,YES,NO,YES,YES,NO
19,6,NO,YES,6,YES,NO,YES,YES,NO
19,6,NO,YES,6,YES,NO,YES,YES,NO
19,6,NO,YES,6,YES,NO,YES,YES,NO
19,6,NO,YES,6,YES,NO,YES,YES,NO
20,6,NO,YES,6,YES,NO,YES,YES,NO
20,6,NO,YES,6,YES,NO,YES,YES,NO
20,6,NO,YES,6,YES,NO,YES,YES,NO
20,6,NO,YES,6,YES,NO,YES,YES,NO
20,6,NO,YES,6,YES,NO,YES,YES,NO
20,6,NO,YES,6,YES,NO,YES,YES,NO
20,6,NO,YES,6,YES,NO,YES,YES,NO
20,6,NO,YES,6,YES,NO,YES,YES,NO
21,6,NO,YES,6,YES,NO,YES,YES,NO
21,6,NO,YES,6,YES,NO,YES,YES,NO
21,6,NO,YES,6,YES,NO,YES,YES,NO
21,6,NO,YES,6,YES,NO,YES,YES,NO
21,6,NO,YES,6,YES,NO,YES,YES,NO
21,6,NO,YES,6,YES,NO,YES,YES,NO
22,6,NO,YES,6,YES,NO,YES,YES,NO
22,6,NO,YES,6,YES,NO,YES,YES,NO
22,6,NO,YES,6,YES,NO,YES,YES,NO
22,6,NO,YES,6,YES,NO,YES,YES,NO
22,6,NO,YES,6,YES,NO,YES,YES,NO
22,6,NO,YES,6,YES,NO,YES,YES,NO
22,6,NO,YES,6,YES,NO,YES,YES,NO
23,6,NO,YES,6,YES,NO,YES,YES,NO
23,6,NO,YES,6,YES,NO,YES,YES,NO
23,6,NO,YES,6,YES,NO,YES,YES,NO
23,6,NO,YES,6,YES,NO,YES,YES,NO
23,6,NO,YES,6,YES,NO,YES,YES,NO
24,6,NO,YES,6,NO,NO,NO,NO,NO
24,6,NO,YES,6,NO,NO,NO,NO,NO
24,6,NO,YES,6,NO,NO,NO,NO,NO
24,6,NO,YES,6,NO,NO,NO,NO,NO
24,6,NO,YES,6,NO,NO,NO,NO,NO
24,6,NO,YES,6,NO,NO,NO,NO,NO
24,6,NO,YES,6,NO,NO,NO,NO,NO
24,6,NO,YES,6,NO,NO,NO,NO,NO
25,6,NO,YES,6,NO,NO,NO,NO,NO
25,6,NO,YES,6,NO,NO,NO,NO,NO
25,6,NO,YES,6,NO,NO,NO,NO,NO
25,6,NO,YES,6,NO,NO,NO,NO,NO
25,6,NO,YES,6,NO,NO,NO,NO,NO
25,6,NO,YES,6,NO,NO,NO,NO,NO
26,6,NO,YES,6,YES,NO,YES,NO,NO
26,6,NO,YES,6,YES,NO,YES,NO,NO
26,6,NO,YES,6,YES,NO,YES,NO,NO
26,6,NO,YES,6,YES,NO,YES,NO,NO
26,6,NO,YES,6,YES,NO,YES,NO,NO
26,6,NO,YES,6,YES,NO,YES,NO,NO
26,6,NO,YES,6,YES,NO,YES,NO,NO
27,6,NO,YES,6,NO,NO,NO,NO,NO
27,6,NO,YES,6,NO,NO,NO,NO,NO
27,6,NO,YES,6,NO,NO,NO,NO,NO
27,6,NO,YES,6,NO,NO,NO,NO,NO
27,6,NO,YES,6,NO,NO,NO,NO,NO
28,6,NO,YES,6,NO,NO,NO,NO,NO
28,6,NO,YES,6,NO,NO,NO,NO,NO
28,6,NO,YES,6,NO,NO,NO,NO,NO
28,6,NO,YES,6,NO,NO,NO,NO,NO
28,6,NO,YES,6,NO,NO,NO,NO,NO
28,6,NO,YES,6,NO,NO,NO,NO,NO
29,6,NO,YES,6,NO,NO,NO,NO,NO
29,6,NO,YES,6,NO,NO,NO,NO,NO
29,6,NO,YES,6,NO,NO,NO,NO,NO
29,6,NO,YES,6,NO,NO,NO,NO,NO
29,6,NO,YES,6,NO,NO,NO,NO,NO
30,6,NO,YES,6,NO,NO,NO,NO,NO
30,6,NO,YES,6,NO,NO,NO,NO,NO
30,6,NO,YES,6,NO,NO,NO,NO,NO
30,6,NO,YES,6,NO,NO,NO,NO,NO
30,6,NO,YES,6,NO,NO,NO,NO,NO
1,7,NO,YES,2,NO,NO,NO,NO,NO
1,7,NO,YES,2,NO,NO,NO,NO,NO
1,7,NO,YES,2,NO,NO,NO,NO,NO
1,7,NO,YES,2,NO,NO,NO,NO,NO
2,7,NO,YES,2,NO,NO,NO,NO,NO
2,7,NO,YES,2,NO,NO,NO,NO,NO
2,7,NO,YES,2,NO,NO,NO,NO,NO
2,7,NO,YES,2,NO,NO,NO,NO,NO
3,7,NO,YES,2,NO,NO,NO,NO,NO
3,7,NO,YES,2,NO,NO,NO,NO,NO
3,7,NO,YES,2,NO,NO,NO,NO,NO
3,7,NO,YES,2,NO,NO,NO,NO,NO
3,7,NO,YES,2,NO,NO,NO,NO,NO
4,7,NO,YES,2,NO,NO,NO,NO,NO
4,7,NO,YES,2,NO,NO,NO,NO,NO
4,7,NO,YES,2,NO,NO,NO,NO,NO
4,7,NO,YES,2,NO,NO,NO,NO,NO
5,7,NO,YES,2,NO,NO,NO,NO,NO
5,7,NO,YES,2,NO,NO,NO,NO,NO
5,7,NO,YES,2,NO,NO,NO,NO,NO
5,7,NO,YES,2,NO,NO,NO,NO,NO
6,7,NO,YES,2,NO,NO,NO,NO,NO
6,7,NO,YES,2,NO,NO,NO,NO,NO
6,7,NO,YES,2,NO,NO,NO,NO,NO
6,7,NO,YES,2,NO,NO,NO,NO,NO
7,7,NO,YES,2,NO,NO,NO,NO,NO
7,7,NO,YES,2,NO,NO,NO,NO,NO
7,7,NO,YES,2,NO,NO,NO,NO,NO
7,7,NO,YES,2,NO,NO,NO,NO,NO
7,7,NO,YES,2,NO,NO,NO,NO,NO
7,7,NO,YES,2,NO,NO,NO,NO,NO
8,7,NO,YES,2,NO,NO,NO,NO,NO
8,7,NO,YES,2,NO,NO,NO,NO,NO
8,7,NO,YES,2,NO,NO,NO,NO,NO
8,7,NO,YES,2,NO,NO,NO,NO,NO
9,7,NO,YES,2,NO,NO,NO,NO,NO
9,7,NO,YES,2,NO,NO,NO,NO,NO
9,7,NO,YES,2,NO,NO,NO,NO,NO
9,7,NO,YES,2,NO,NO,NO,NO,NO
9,7,NO,YES,2,NO,NO,NO,NO,NO
10,7,NO,YES,2,NO,NO,NO,NO,NO
10,7,NO,YES,2,NO,NO,NO,NO,NO
10,7,NO,YES,2,NO,NO,NO,NO,NO
10,7,NO,YES,2,NO,NO,NO,NO,NO
11,7,NO,YES,2,NO,NO,NO,NO,NO
11,7,NO,YES,2,NO,NO,NO,NO,NO
11,7,NO,YES,2,NO,NO,NO,NO,NO
11,7,NO,YES,2,NO,NO,NO,NO,NO
12,7,NO,YES,2,NO,NO,NO,NO,NO
12,7,NO,YES,2,NO,NO,NO,NO,NO
12,7,NO,YES,2,NO,NO,NO,NO,NO
12,7,NO,YES,2,NO,NO,NO,NO,NO
13,7,NO,YES,2,NO,NO,NO,NO,NO
13,7,NO,YES,2,NO,NO,NO,NO,NO
13,7,NO,YES,2,NO,NO,NO,NO,NO
13,7,NO,YES,2,NO,NO,NO,NO,NO
13,7,NO,YES,2,NO,NO,NO,NO,NO
13,7,NO,YES,2,NO,NO,NO,NO,NO
14,7,NO,YES,2,NO,NO,NO,NO,NO
14,7,NO,YES,2,NO,NO,NO,NO,NO
14,7,NO,YES,2,NO,NO,NO,NO,NO
14,7,NO,YES,2,NO,NO,NO,NO,NO
15,7,NO,YES,2,NO,NO,NO,NO,NO
15,7,NO,YES,2,NO,NO,NO,NO,NO
15,7,NO,YES,2,NO,NO,NO,NO,NO
15,7,NO,YES,2,NO,NO,NO,NO,NO
15,7,NO,YES,2,NO,NO,NO,NO,NO
15,7,NO,YES,2,NO,NO,NO,NO,NO
15,7,NO,YES,2,NO,NO,NO,NO,NO
16,7,NO,YES,2,NO,NO,NO,NO,NO
16,7,NO,YES,2,NO,NO,NO,NO,NO
16,7,NO,YES,2,NO,NO,NO,NO,NO
16,7,NO,YES,2,NO,NO,NO,NO,NO
17,7,NO,YES,2,NO,NO,NO,NO,NO
17,7,NO,YES,2,NO,NO,NO,NO,NO
17,7,NO,YES,2,NO,NO,NO,NO,NO
17,7,NO,YES,2,NO,NO,NO,NO,NO
18,7,NO,YES,2,NO,NO,NO,NO,NO
18,7,NO,YES,2,NO,NO,NO,NO,NO
18,7,NO,YES,2,NO,NO,NO,NO,NO
18,7,NO,YES,2,NO,NO,NO,NO,NO
18,7,NO,YES,2,NO,NO,NO,NO,NO
18,7,NO,YES,2,NO,NO,NO,NO,NO
18,7,NO,YES,2,NO,NO,NO,NO,NO
18,7,NO,YES,2,NO,NO,NO,NO,NO
1,8,NO,YES,12,NO,YES,NO,NO,NO
1,8,NO,YES,12,NO,YES,NO,NO,NO
1,8,NO,YES,12,NO,YES,NO,NO,NO
1,8,NO,YES,12,NO,YES,NO,NO,NO
2,8,NO,YES,12,NO,YES,NO,NO,NO
2,8,NO,YES,12,NO,YES,NO,NO,NO
2,8,NO,YES,12,NO,YES,NO,NO,NO
2,8,NO,YES,12,NO,YES,NO,NO,NO
3,8,NO,YES,12,NO,YES,NO,NO,NO
3,8,NO,YES,12,NO,YES,NO,NO,NO
3,8,NO,YES,12,NO,YES,NO,NO,NO
3,8,NO,YES,12,NO,YES,NO,NO,NO
3,8,NO,YES,12,NO,YES,NO,NO,NO
3,8,NO,YES,12,NO,YES,NO,NO,NO
4,8,NO,YES,12,NO,YES,NO,NO,NO
4,8,NO,YES,12,NO,YES,NO,NO,NO
4,8,NO,YES,12,NO,YES,NO,NO,NO
4,8,NO,YES,12,NO,YES,NO,NO,NO
4,8,NO,YES,12,NO,YES,NO,NO,NO
5,8,NO,YES,12,NO,YES,NO,NO,NO
5,8,NO,YES,12,NO,YES,NO,NO,NO
5,8,NO,YES,12,NO,YES,NO,NO,NO
5,8,NO,YES,12,NO,YES,NO,NO,NO
5,8,NO,YES,12,NO,YES,NO,NO,NO
6,8,NO,YES,12,NO,NO,NO,NO,NO
6,8,NO,YES,12,NO,NO,NO,NO,NO
6,8,NO,YES,12,NO,NO,NO,NO,NO
6,8,NO,YES,12,NO,NO,NO,NO,NO
6,8,NO,YES,12,NO,NO,NO,NO,NO
6,8,NO,YES,12,NO,NO,NO,NO,NO
7,8,NO,YES,12,NO,YES,NO,NO,NO
7,8,NO,YES,12,NO,YES,NO,NO,NO
7,8,NO,YES,12,NO,YES,NO,NO,NO
7,8,NO,YES,12,NO,YES,NO,NO,NO
7,8,NO,YES,12,NO,YES,NO,NO,NO
7,8,NO,YES,12,NO,YES,NO,NO,NO
7,8,NO,YES,12,NO,YES,NO,NO,NO
7,8,NO,YES,12,NO,YES,NO,NO,NO
8,8,NO,YES,12,NO,YES,NO,NO,NO
8,8,NO,YES,12,NO,YES,NO,NO,NO
8,8,NO,YES,12,NO,YES,NO,NO,NO
8,8,NO,YES,12,NO,YES,NO,NO,NO
9,8,NO,YES,12,NO,YES,NO,NO,NO
9,8,NO,YES,12,NO,YES,NO,NO,NO
9,8,NO,YES,12,NO,YES,NO,NO,NO
9,8,NO,YES,12,NO,YES,NO,NO,NO
10,8,NO,YES,12,NO,YES,NO,NO,NO
10,8,NO,YES,12,NO,YES,NO,NO,NO
10,8,NO,YES,12,NO,YES,NO,NO,NO
10,8,NO,YES,12,NO,YES,NO,NO,NO
10,8,NO,YES,12,NO,YES,NO,NO,NO
10,8,NO,YES,12,NO,YES,NO,NO,NO
11,8,NO,YES,12,NO,YES,NO,NO,NO
11,8,NO,YES,12,NO,YES,NO,NO,NO
11,8,NO,YES,12,NO,YES,NO,NO,NO
11,8,NO,YES,12,NO,YES,NO,NO,NO
11,8,NO,YES,12,NO,YES,NO,NO,NO
11,8,NO,YES,12,NO,YES,NO,NO,NO
11,8,NO,YES,12,NO,YES,NO,NO,NO
11,8,NO,YES,12,NO,YES,NO,NO,NO
12,8,NO,YES,12,NO,YES,NO,NO,NO
12,8,NO,YES,12,NO,YES,NO,NO,NO
12,8,NO,YES,12,NO,YES,NO,NO,NO
12,8,NO,YES,12,NO,YES,NO,NO,NO
12,8,NO,YES,12,NO,YES,NO,NO,NO
12,8,NO,YES,12,NO,YES,NO,NO,NO
13,8,NO,YES,12,NO,YES,NO,NO,NO
13,8,NO,YES,12,NO,NO,NO,NO,NO
13,8,NO,YES,12,NO,NO,NO,NO,NO
13,8,NO,YES,12,NO,NO,NO,NO,NO
13,8,NO,YES,12,NO,NO,NO,NO,NO
13,8,NO,YES,12,NO,NO,NO,NO,NO
13,8,NO,YES,12,NO,NO,NO,NO,NO
13,8,NO,YES,12,NO,NO,NO,NO,NO
13,8,NO,YES,12,NO,NO,NO,NO,NO
13,8,NO,YES,12,NO,NO,NO,NO,NO
13,8,NO,YES,12,NO,NO,NO,NO,NO
13,8,NO,YES,12,NO,NO,NO,NO,NO
14,8,NO,YES,12,NO,NO,NO,NO,NO
14,8,NO,YES,12,NO,NO,NO,NO,NO
14,8,NO,YES,12,NO,NO,NO,NO,NO
14,8,NO,YES,12,NO,NO,NO,NO,NO
15,8,NO,YES,12,NO,YES,NO,NO,NO
15,8,NO,YES,12,NO,YES,NO,NO,NO
15,8,NO,YES,12,NO,YES,NO,NO,NO
15,8,NO,YES,12,NO,YES,NO,NO,NO
15,8,NO,YES,12,NO,YES,NO,NO,NO
15,8,NO,YES,12,NO,YES,NO,NO,NO
15,8,NO,YES,12,NO,YES,NO,NO,NO
15,8,NO,YES,12,NO,YES,NO,NO,NO
16,8,NO,YES,12,NO,NO,NO,NO,NO
16,8,NO,YES,12,NO,NO,NO,NO,NO
16,8,NO,YES,12,NO,NO,NO,NO,NO
16,8,NO,YES,12,NO,NO,NO,NO,NO
17,8,NO,YES,12,NO,YES,NO,NO,NO
17,8,NO,YES,12,NO,YES,NO,NO,NO
17,8,NO,YES,12,NO,YES,NO,NO,NO
17,8,NO,YES,12,NO,YES,NO,NO,NO
18,8,NO,YES,12,NO,NO,NO,NO,NO
18,8,NO,YES,12,NO,NO,NO,NO,NO
18,8,NO,YES,12,NO,NO,NO,NO,NO
18,8,NO,YES,12,NO,NO,NO,NO,NO
18,8,NO,YES,12,NO,NO,NO,NO,NO
18,8,NO,YES,12,NO,NO,NO,NO,NO
18,8,NO,YES,12,NO,NO,NO,NO,NO
19,8,NO,YES,12,NO,NO,NO,NO,NO
19,8,NO,YES,12,NO,NO,NO,NO,NO
19,8,NO,YES,12,NO,NO,NO,NO,NO
19,8,NO,YES,12,NO,NO,NO,NO,NO
19,8,NO,YES,12,NO,NO,NO,NO,NO
20,8,NO,YES,12,NO,NO,NO,NO,NO
20,8,NO,YES,12,NO,NO,NO,NO,NO
20,8,NO,YES,12,NO,NO,NO,NO,NO
20,8,NO,YES,12,NO,NO,NO,NO,NO
20,8,NO,YES,12,NO,NO,NO,NO,NO
20,8,NO,YES,12,NO,NO,NO,NO,NO
21,8,NO,YES,12,NO,NO,NO,NO,NO
21,8,NO,YES,12,NO,NO,NO,NO,NO
21,8,NO,YES,12,NO,NO,NO,NO,NO
21,8,NO,YES,12,NO,NO,NO,NO,NO
21,8,NO,YES,12,NO,NO,NO,NO,NO
22,8,NO,YES,12,NO,YES,NO,NO,NO
22,8,NO,YES,12,NO,YES,NO,NO,NO
22,8,NO,YES,12,NO,YES,NO,NO,NO
22,8,NO,YES,12,NO,YES,NO,NO,NO
23,8,NO,YES,12,NO,YES,NO,NO,NO
23,8,NO,YES,12,NO,YES,NO,NO,NO
23,8,NO,YES,12,NO,YES,NO,NO,NO
23,8,NO,YES,12,NO,YES,NO,NO,NO
23,8,NO,YES,12,NO,YES,NO,NO,NO
24,8,NO,YES,12,NO,NO,NO,NO,NO
24,8,NO,YES,12,NO,NO,NO,NO,NO
24,8,NO,YES,12,NO,NO,NO,NO,NO
24,8,NO,YES,12,NO,NO,NO,NO,NO
24,8,NO,YES,12,NO,NO,NO,NO,NO
24,8,NO,YES,12,NO,NO,NO,NO,NO
24,8,NO,YES,12,NO,NO,NO,NO,NO
25,8,NO,YES,12,NO,NO,NO,NO,NO
25,8,NO,YES,12,NO,NO,NO,NO,NO
25,8,NO,YES,12,NO,NO,NO,NO,NO
25,8,NO,YES,12,NO,NO,NO,NO,NO
25,8,NO,YES,12,NO,NO,NO,NO,NO
26,8,NO,YES,12,NO,YES,NO,NO,NO
26,8,NO,YES,12,NO,YES,NO,NO,NO
26,8,NO,YES,12,NO,YES,NO,NO,NO
26,8,NO,YES,12,NO,YES,NO,NO,NO
26,8,NO,YES,12,NO,YES,NO,NO,NO
26,8,NO,YES,12,NO,YES,NO,NO,NO
27,8,NO,YES,12,NO,NO,NO,NO,NO
27,8,NO,YES,12,NO,NO,NO,NO,NO
27,8,NO,YES,12,NO,NO,NO,NO,NO
27,8,NO,YES,12,NO,NO,NO,NO,NO
28,8,NO,YES,12,NO,NO,NO,NO,NO
28,8,NO,YES,12,NO,NO,NO,NO,NO
28,8,NO,YES,12,NO,NO,NO,NO,NO
28,8,NO,YES,12,NO,NO,NO,NO,NO
29,8,NO,YES,12,NO,YES,NO,NO,NO
29,8,NO,YES,12,NO,YES,NO,NO,NO
29,8,NO,YES,12,NO,YES,NO,NO,NO
29,8,NO,YES,12,NO,YES,NO,NO,NO
29,8,NO,YES,12,NO,YES,NO,NO,NO
29,8,NO,YES,12,NO,YES,NO,NO,NO
30,8,NO,YES,12,NO,NO,NO,NO,NO
30,8,NO,YES,12,NO,NO,NO,NO,NO
30,8,NO,YES,12,NO,NO,NO,NO,NO
30,8,NO,YES,12,NO,NO,NO,NO,NO
31,8,NO,YES,12,NO,NO,NO,NO,NO
31,8,NO,YES,12,NO,NO,NO,NO,NO
31,8,NO,YES,12,NO,NO,NO,NO,NO
31,8,NO,YES,12,NO,NO,NO,NO,NO
32,8,NO,YES,12,NO,NO,NO,NO,NO
32,8,NO,YES,12,NO,NO,NO,NO,NO
32,8,NO,YES,12,NO,NO,NO,NO,NO
32,8,NO,YES,12,NO,NO,NO,NO,NO
32,8,NO,YES,12,NO,NO,NO,NO,NO
33,8,NO,YES,12,NO,YES,NO,NO,NO
33,8,NO,YES,12,NO,YES,NO,NO,NO
33,8,NO,YES,12,NO,YES,NO,NO,NO
33,8,NO,YES,12,NO,YES,NO,NO,NO
33,8,NO,YES,12,NO,YES,NO,NO,NO
34,8,NO,YES,12,YES,YES,YES,YES,NO
34,8,NO,YES,12,YES,YES,YES,YES,NO
34,8,NO,YES,12,YES,YES,YES,YES,NO
34,8,NO,YES,12,YES,YES,YES,YES,NO
34,8,NO,YES,12,YES,YES,YES,YES,NO
34,8,NO,YES,12,YES,YES,YES,YES,NO
34,8,NO,YES,12,YES,YES,YES,YES,NO
34,8,NO,YES,12,YES,YES,YES,YES,NO
34,8,NO,YES,12,YES,YES,YES,YES,NO
34,8,NO,YES,12,YES,YES,YES,YES,NO
35,8,NO,YES,12,YES,NO,YES,YES,NO
35,8,NO,YES,12,YES,NO,YES,YES,NO
35,8,NO,YES,12,YES,NO,YES,YES,NO
35,8,NO,YES,12,YES,NO,YES,YES,NO
35,8,NO,YES,12,YES,NO,YES,YES,NO
36,8,NO,YES,12,NO,NO,NO,NO,NO
36,8,NO,YES,12,NO,NO,NO,NO,NO
36,8,NO,YES,12,NO,NO,NO,NO,NO
36,8,NO,YES,12,NO,NO,NO,NO,NO
37,8,NO,YES,12,YES,YES,YES,YES,NO
37,8,NO,YES,12,YES,YES,YES,YES,NO
37,8,NO,YES,12,YES,YES,YES,YES,NO
37,8,NO,YES,12,YES,YES,YES,YES,NO
38,8,NO,YES,12,NO,YES,NO,NO,NO
38,8,NO,YES,12,NO,YES,NO,NO,NO
38,8,NO,YES,12,NO,YES,NO,NO,NO
38,8,NO,YES,12,NO,YES,NO,NO,NO
38,8,NO,YES,12,NO,YES,NO,NO,NO
38,8,NO,YES,12,NO,YES,NO,NO,NO
39,8,NO,YES,12,NO,YES,NO,NO,NO
39,8,NO,YES,12,NO,YES,NO,NO,NO
39,8,NO,YES,12,NO,YES,NO,NO,NO
39,8,NO,YES,12,NO,YES,NO,NO,NO
40,8,NO,YES,12,NO,YES,NO,NO,NO
40,8,NO,YES,12,NO,YES,NO,NO,NO
40,8,NO,YES,12,NO,YES,NO,NO,NO
40,8,NO,YES,12,NO,YES,NO,NO,NO
41,8,NO,YES,12,NO,YES,NO,NO,NO
41,8,NO,YES,12,NO,YES,NO,NO,NO
41,8,NO,YES,12,NO,YES,NO,NO,NO
41,8,NO,YES,12,NO,YES,NO,NO,NO
41,8,NO,YES,12,NO,YES,NO,NO,NO
42,8,NO,YES,12,NO,NO,NO,NO,NO
42,8,NO,YES,12,NO,NO,NO,NO,NO
42,8,NO,YES,12,NO,NO,NO,NO,NO
42,8,NO,YES,12,NO,NO,NO,NO,NO
42,8,NO,YES,12,NO,NO,NO,NO,NO
42,8,NO,YES,12,NO,NO,NO,NO,NO
43,8,NO,YES,12,NO,YES,NO,NO,NO
43,8,NO,YES,12,NO,YES,NO,NO,NO
43,8,NO,YES,12,NO,YES,NO,NO,NO
43,8,NO,YES,12,NO,YES,NO,NO,NO
44,8,NO,YES,12,NO,NO,NO,NO,NO
44,8,NO,YES,12,NO,NO,NO,NO,NO
44,8,NO,YES,12,NO,NO,NO,NO,NO
44,8,NO,YES,12,NO,NO,NO,NO,NO
45,8,NO,YES,12,NO,NO,NO,NO,NO
45,8,NO,YES,12,NO,NO,NO,NO,NO
45,8,NO,YES,12,NO,NO,NO,NO,NO
45,8,NO,YES,12,NO,NO,NO,NO,NO
46,8,NO,YES,12,NO,NO,NO,NO,NO
46,8,NO,YES,12,NO,NO,NO,NO,NO
46,8,NO,YES,12,NO,NO,NO,NO,NO
46,8,NO,YES,12,NO,NO,NO,NO,NO
46,8,NO,YES,12,NO,NO,NO,NO,NO
46,8,NO,YES,12,NO,NO,NO,NO,NO
47,8,NO,YES,12,NO,YES,NO,NO,NO
47,8,NO,YES,12,NO,YES,NO,NO,NO
47,8,NO,YES,12,NO,YES,NO,NO,NO
47,8,NO,YES,12,NO,YES,NO,NO,NO
47,8,NO,YES,12,NO,YES,NO,NO,NO
47,8,NO,YES,12,NO,YES,NO,NO,NO
48,8,NO,YES,12,NO,YES,NO,NO,NO
48,8,NO,YES,12,NO,YES,NO,NO,NO
48,8,NO,YES,12,NO,YES,NO,NO,NO
48,8,NO,YES,12,NO,YES,NO,NO,NO
49,8,NO,YES,12,YES,YES,YES,YES,NO
49,8,NO,YES,12,YES,YES,YES,YES,NO
49,8,NO,YES,12,YES,YES,YES,YES,NO
49,8,NO,YES,12,YES,YES,YES,YES,NO
49,8,NO,YES,12,YES,YES,YES,YES,NO
49,8,NO,YES,12,YES,YES,YES,YES,NO
50,8,NO,YES,12,NO,NO,NO,NO,NO
50,8,NO,YES,12,NO,NO,NO,NO,NO
50,8,NO,YES,12,NO,NO,NO,NO,NO
50,8,NO,YES,12,NO,NO,NO,NO,NO
51,8,NO,YES,12,YES,NO,YES,YES,NO
51,8,NO,YES,12,YES,NO,YES,YES,NO
51,8,NO,YES,12,YES,NO,YES,YES,NO
51,8,NO,YES,12,YES,NO,YES,YES,NO
51,8,NO,YES,12,YES,NO,YES,YES,NO
52,8,NO,YES,12,YES,YES,YES,YES,NO
52,8,NO,YES,12,YES,YES,YES,YES,NO
52,8,NO,YES,12,YES,YES,YES,YES,NO
52,8,NO,YES,12,YES,YES,YES,YES,NO
53,8,NO,YES,12,YES,YES,YES,YES,NO
53,8,NO,YES,12,YES,YES,YES,YES,NO
53,8,NO,YES,12,YES,YES,YES,YES,NO
53,8,NO,YES,12,YES,YES,YES,YES,NO
53,8,NO,YES,12,YES,YES,YES,YES,NO
53,8,NO,YES,12,YES,YES,YES,YES,NO
53,8,NO,YES,12,YES,YES,YES,YES,NO
54,8,NO,YES,12,YES,YES,YES,YES,NO
54,8,NO,YES,12,YES,YES,YES,YES,NO
54,8,NO,YES,12,YES,YES,YES,YES,NO
54,8,NO,YES,12,YES,YES,YES,YES,NO
54,8,NO,YES,12,YES,YES,YES,YES,NO
55,8,NO,YES,12,YES,YES,YES,YES,NO
55,8,NO,YES,12,YES,YES,YES,YES,NO
55,8,NO,YES,12,YES,YES,YES,YES,NO
55,8,NO,YES,12,YES,YES,YES,YES,NO
55,8,NO,YES,12,YES,YES,YES,YES,NO
56,8,NO,YES,12,YES,YES,YES,YES,NO
56,8,NO,YES,12,YES,YES,YES,YES,NO
56,8,NO,YES,12,YES,YES,YES,YES,NO
56,8,NO,YES,12,YES,YES,YES,YES,NO
56,8,NO,YES,12,YES,YES,YES,YES,NO
57,8,NO,YES,12,YES,NO,YES,YES,NO
57,8,NO,YES,12,YES,NO,YES,YES,NO
57,8,NO,YES,12,YES,NO,YES,YES,NO
57,8,NO,YES,12,YES,NO,YES,YES,NO
57,8,NO,YES,12,YES,NO,YES,YES,NO
57,8,NO,YES,12,YES,NO,YES,YES,NO
57,8,NO,YES,12,YES,NO,YES,YES,NO
57,8,NO,YES,12,YES,NO,YES,YES,NO
58,8,NO,YES,12,YES,NO,YES,YES,NO
58,8,NO,YES,12,YES,NO,YES,YES,NO
58,8,NO,YES,12,YES,NO,YES,YES,NO
58,8,NO,YES,12,YES,NO,YES,YES,NO
58,8,NO,YES,12,YES,NO,YES,YES,NO
59,8,NO,YES,12,YES,NO,YES,YES,NO
59,8,NO,YES,12,YES,NO,YES,YES,NO
59,8,NO,YES,12,YES,NO,YES,YES,NO
59,8,NO,YES,12,YES,NO,YES,YES,NO
60,8,NO,YES,12,NO,NO,YES,YES,NO
60,8,NO,YES,12,NO,NO,YES,YES,NO
60,8,NO,YES,12,NO,NO,YES,YES,NO
60,8,NO,YES,12,NO,NO,YES,YES,NO
60,8,NO,YES,12,NO,NO,YES,YES,NO
61,8,NO,YES,12,YES,NO,NO,NO,NO
61,8,NO,YES,12,YES,NO,NO,NO,NO
61,8,NO,YES,12,YES,NO,NO,NO,NO
61,8,NO,YES,12,YES,NO,NO,NO,NO
61,8,NO,YES,12,YES,NO,NO,NO,NO
61,8,NO,YES,12,YES,NO,NO,NO,NO
62,8,NO,YES,12,NO,NO,NO,YES,NO
62,8,NO,YES,12,NO,NO,NO,YES,NO
62,8,NO,YES,12,NO,NO,NO,YES,NO
62,8,NO,YES,12,NO,NO,NO,YES,NO
62,8,NO,YES,12,NO,NO,NO,YES,NO
62,8,NO,YES,12,NO,NO,NO,YES,NO
62,8,NO,YES,12,NO,NO,NO,YES,NO
62,8,NO,YES,12,NO,NO,NO,YES,NO
63,8,NO,YES,12,NO,NO,YES,YES,NO
63,8,NO,YES,12,NO,NO,YES,YES,NO
63,8,NO,YES,12,NO,NO,YES,YES,NO
63,8,NO,YES,12,NO,NO,YES,YES,NO
63,8,NO,YES,12,NO,NO,YES,YES,NO
64,8,NO,YES,12,NO,NO,NO,NO,NO
64,8,NO,YES,12,NO,NO,NO,NO,NO
64,8,NO,YES,12,NO,NO,NO,NO,NO
64,8,NO,YES,12,NO,NO,NO,NO,NO
65,8,NO,YES,12,YES,NO,YES,YES,NO
65,8,NO,YES,12,YES,NO,YES,YES,NO
65,8,NO,YES,12,YES,NO,YES,YES,NO
65,8,NO,YES,12,YES,NO,YES,YES,NO
65,8,NO,YES,12,YES,NO,YES,YES,NO
65,8,NO,YES,12,YES,NO,YES,YES,NO
65,8,NO,YES,12,YES,NO,YES,YES,NO
65,8,NO,YES,12,YES,NO,YES,YES,NO
65,8,NO,YES,12,YES,NO,YES,YES,NO
66,8,NO,YES,12,NO,NO,NO,NO,NO
66,8,NO,YES,12,NO,NO,NO,NO,NO
66,8,NO,YES,12,NO,NO,NO,NO,NO
66,8,NO,YES,12,NO,NO,NO,NO,NO
67,8,NO,YES,12,NO,NO,YES,YES,NO
67,8,NO,YES,12,NO,NO,YES,YES,NO
67,8,NO,YES,12,NO,NO,YES,YES,NO
67,8,NO,YES,12,NO,NO,YES,YES,NO
67,8,NO,YES,12,NO,NO,YES,YES,NO
68,8,NO,YES,12,YES,YES,NO,YES,NO
68,8,NO,YES,12,YES,YES,NO,YES,NO
68,8,NO,YES,12,YES,YES,NO,YES,NO
68,8,NO,YES,12,YES,YES,NO,YES,NO
68,8,NO,YES,12,YES,YES,NO,YES,NO
69,8,NO,YES,12,NO,NO,NO,NO,NO
69,8,NO,YES,12,NO,NO,NO,NO,NO
69,8,NO,YES,12,NO,NO,NO,NO,NO
69,8,NO,YES,12,NO,NO,NO,NO,NO
69,8,NO,YES,12,NO,NO,NO,NO,NO
69,8,NO,YES,12,NO,NO,NO,NO,NO
69,8,NO,YES,12,NO,NO,NO,NO,NO
69,8,NO,YES,12,NO,NO,NO,NO,NO
70,8,NO,YES,12,NO,NO,NO,NO,NO
70,8,NO,YES,12,NO,NO,NO,NO,NO
70,8,NO,YES,12,NO,NO,NO,NO,NO
70,8,NO,YES,12,NO,NO,NO,NO,NO
70,8,NO,YES,12,NO,NO,NO,NO,NO
71,8,NO,YES,12,YES,YES,YES,YES,NO
71,8,NO,YES,12,YES,YES,YES,YES,NO
71,8,NO,YES,12,YES,YES,YES,YES,NO
71,8,NO,YES,12,YES,YES,YES,YES,NO
71,8,NO,YES,12,YES,YES,YES,YES,NO
71,8,NO,YES,12,YES,YES,YES,YES,NO
72,8,NO,YES,12,NO,NO,NO,NO,NO
72,8,NO,YES,12,NO,NO,NO,NO,NO
72,8,NO,YES,12,NO,NO,NO,NO,NO
72,8,NO,YES,12,NO,NO,NO,NO,NO
72,8,NO,YES,12,NO,NO,NO,NO,NO
72,8,NO,YES,12,NO,NO,NO,NO,NO
73,8,NO,YES,12,NO,NO,NO,NO,NO
73,8,NO,YES,12,NO,NO,NO,NO,NO
73,8,NO,YES,12,NO,NO,NO,NO,NO
73,8,NO,YES,12,NO,NO,NO,NO,NO
73,8,NO,YES,12,NO,NO,NO,NO,NO
73,8,NO,YES,12,NO,NO,NO,NO,NO
74,8,NO,YES,12,NO,NO,NO,NO,NO
74,8,NO,YES,12,NO,NO,NO,NO,NO
74,8,NO,YES,12,NO,NO,NO,NO,NO
74,8,NO,YES,12,NO,NO,NO,NO,NO
74,8,NO,YES,12,NO,NO,NO,NO,NO
74,8,NO,YES,12,NO,NO,NO,NO,NO
74,8,NO,YES,12,NO,NO,NO,NO,NO
75,8,NO,YES,12,NO,NO,NO,NO,NO
75,8,NO,YES,12,NO,NO,NO,NO,NO
75,8,NO,YES,12,NO,NO,NO,NO,NO
75,8,NO,YES,12,NO,NO,NO,NO,NO
75,8,NO,YES,12,NO,NO,NO,NO,NO
75,8,NO,YES,12,NO,NO,NO,NO,NO
